{
   "_objectname":{
      "req":"mandatory",
      "typeof":"string",
      "%comment%":"Name of the Object"
   },
   "_sid":{
      "req":"mandatory",
      "typeof":"string",
      "%comment%":"A fillable Unique Identifier of a Object to distinguish the objects"
   },
   "_slabel":{
      "req":"optional",
      "typeof":"string",
      "%comment%":"A fillable Optional text field for object description in 50 words"
   },
   "_IsHidden":{
      "req":"optional",
      "typeof":"boolean",
      "%comment%":"defines the visibility of the object from camera viewport"
   },
   "_Is3DObject":{ 
      "req":"mandatory",
      "typeof":"string",
      "%comment%":"defines the dimensions ."
   },
   "IsIlluminate":{
      "req":"mandatory",
      "typeof":"boolean",
      "%comment%":"true for yes, false for no. This is to set if ray will cast on the object or not"
   },
   "Transform":{ 
      "req":"mandatory",
      "typeof":"number",
      "%comment%":"provide camera initial position in x,y,z coordinate values in a 3D plane with {0,0,0} as center horizon"
   },
   "Interaction":{
      "req":"mandatory",
      "typeof":"string",
      "%comment%":"Describe interaction with other objects"
   },
   "_audio":{
      "req":"optional",
      "typeof":"string",
      "%comment%":"Describe the audio characteristics of the object in the 3D scene"
   },
   "_timeline":{
      "req":"mandatory",
      "typeof":"boolean",
      "%comment%":"accepts three multip type values haptic_wrist, hand, haptic_limb, haptic_obody, haptic_null. Throw errors for the rest of the values"
   },
   "@context_img_source":{
      "req":"optional",
      "typeof":"string",
      "%comment%":"For external reference URLs"
   }
}
