{
   "ObjList":[
      "camera",
      "Ball",
      "Pin",
      "floor",
      "gutter",
      "scoreboard"
   ],
   "ObjAction":[
      {
         "sourceObj":"Ball",
         "targetObj":[
            {
               "value":"Pin",
               "actresid":"Ball_pin",
               "IsCollision":"yes",
               "response":"natural/custom",
               "comment":"<freetext>",
               "Syncronous":"yes"
            },
            {
               "value":"floor",
               "actresid":"Ball_floor",
               "IsCollision":"yes",
               "response":"natural/custom",
               "comment":"<freetext>",
               "Syncronous":"yes"
            },
            {
               "value":"gutter",
               "actresid":"Ball_gutter",
               "IsCollision":"yes",
               "response":"natural/custom",
               "comment":"<freetext>",
               "Syncronous":"yes"
            },
            {
               "value":"scoreboard",
               "actresid":"Ball_scoreboard",
               "IsCollision":"no",
               "response":"passthrough",
               "comment":"<freetext>",
               "Syncronous":"no"
            }
         ]
      },
      {
         "sourceObj":"Pin",
         "targetObj":[
            {
               "value":"*",
               "actresid":"Pin_*",
               "IsCollision":"yes",
               "response":"natural",
               "comment":"<freetext>",
               "Syncronous":"no"
            }
         ]
      }
   ]
}
