{
   "_objectname":"Ball",
   "_sid":"_gameball",
   "_slabel":"This is used to roll on pins",
   "_IsHidden":"false",
   "_Is3DObject":{
      "value":"yes",
      "shape":"cube",
      "IsText":{
         "value":"no",
         "Is3D":"no"
      },
      "lighting":{
         "CastShadow":"yes",
         "ReceiveShadow":"yes",
         "ContributeGlobalIlumination":"yes"
      }
   },
   "IsIlluminate":"false",
   "Transform":{
      "_initialpos":{
         "#x":"0",
         "#y":"5",
         "#z":"0"
      },
      "_initialrotation":{
         "#x":"0",
         "#y":"5",
         "#z":"0"
      },
      "_objectscale":{
         "#x":"0",
         "#y":"5",
         "#z":"0"
      }
   },
   "Interaction":{
      "XRGrabInteractable":"yes",
      "XRInteractionMask":{
         "layer":"nothing/everything/custom"
      },
      "TrackPosition":"yes",
      "TrackRotation":"yes",
      "Throw_Detach":{
         "value":"yes",
         "forcegravity":"yes",
         "velocity":"three",
         "angularvelocity":"two"
      },
      "Smoothing":{
         "value":"yes",
         "duration":"0.5 sec"
      },
      "attachtransform":{
         "#rotate_x":"90 degree",
         "#rotate_y":"45 degree",
         "#rotate_z":"45 degree",
         "#pos_x":"0 units",
         "#pos_y":"10 units",
         "#pos_z":"15 units"
      },
      "XRRigidObject":{
         "value":"yes",
         "mass":"20 units",
         "dragfriction":"5 units",
         "angulardrag":"4 units",
         "Isgravityenable":"yes",
         "IsKinematic":"yes",
         "CanInterpolate":"noo",
         "CollisionPolling":"discreet/continous"
      }
   },
   "_audio":{
      "value":"yes",
      "type":"static/dynamic",
      "src":"/path",
      "volume":"10 units",
      "PlayInloop":"no",
      "IsSurround":"yes",
      "Dopplerlevel":"0.9 units",
      "spred":"5 units",
      "mindist":"0.5 units",
      "maxdist":"5 units"
   },
   "_timeline":"true",
   "@context_img_source":"_blank"
}
