{
   "_scenename":"Bowlling Alley",
   "_sid":"s45189",
   "_slabel":"This is a interactive game",
      "_playarea":{
      "#pid":"001",
      "#length":"20",
      "#breadth":"10",
      "#height":"15"
   },   
   "_scenearea":
  {
      "#length":"20",
      "#breadth":"10",
      "#height":"15"
   },   
   "_camera":
  { 
     "IsSceneObject":"true",
     "trackingorigin":"true"
   },
   "_initialpos":{
      "#x":"0",
      "#y":"5",
      "#z":"0"
   },
   "_horizon":"true",
   "_dof":"6",
   "_skybox":"1",
   "_controllers":
	{"type":"hand", "raycast":"ok", "raydistance":"five", "raythinkness":"bold", "raycolor":"red", "raytype":"curve"},
   "_gravity":{
     "value":"10"
   },
   "_interaction":"true",
   "_nestedscene":{
      "#value":"0",
      "#scenecount":"0",
      "#sid_order":"0"
   },
   "_audio":"true",
   "_timeline":"true",
   "_Opttxt1":"null",
   "@context_mock":"_blank"
}
